{
  "Qwen3.5\nbase": {
    "notice": 0.10416666666666667,
    "enum": 0.17897727272727273,
    "strict": 0.04450757575757576
  },
  "Qwen3.6\nbase": {
    "notice": 0.02556818181818182,
    "enum": 0.08428030303030302,
    "strict": 0.03598484848484849
  },
  "Qwen3-VL\n32B base": {
    "notice": 0.3787878787878788,
    "enum": 0.2708333333333333,
    "strict": 0.032196969696969696
  },
  "Qwen3.5\nv3": {
    "notice": 1.0,
    "enum": 0.9990476190476191,
    "strict": 0.2038095238095238
  },
  "Qwen3.5\nv4-base": {
    "notice": 0.3626893939393939,
    "enum": 0.35795454545454547,
    "strict": 0.07196969696969698
  },
  "Qwen3.5\nv4": {
    "notice": 0.5416666666666666,
    "enum": 0.3768939393939394,
    "strict": 0.08806818181818182
  }
}