{
  "Qwen3.5 base": {
    "All": {
      "n": 1056,
      "enum": 0.17897727272727273,
      "commit": 0.7035984848484849,
      "strict": 0.04450757575757576
    },
    "Entity": {
      "n": 555,
      "enum": 0.22882882882882882,
      "commit": 0.6324324324324324,
      "strict": 0.06666666666666667
    },
    "Event": {
      "n": 490,
      "enum": 0.12244897959183673,
      "commit": 0.7816326530612245,
      "strict": 0.02040816326530612
    },
    "TempBias": {
      "n": 338,
      "enum": 0.047337278106508875,
      "commit": 0.8579881656804734,
      "strict": 0.0
    }
  },
  "Qwen3.5 v3": {
    "All": {
      "n": 1056,
      "enum": 0.9933712121212122,
      "commit": 0.0,
      "strict": 0.20265151515151514
    },
    "Entity": {
      "n": 555,
      "enum": 0.9963963963963964,
      "commit": 0.0,
      "strict": 0.2702702702702703
    },
    "Event": {
      "n": 490,
      "enum": 0.9918367346938776,
      "commit": 0.0,
      "strict": 0.12448979591836734
    },
    "TempBias": {
      "n": 338,
      "enum": 0.9911242603550295,
      "commit": 0.0,
      "strict": 0.07988165680473373
    }
  },
  "Qwen3.5 v4": {
    "All": {
      "n": 1056,
      "enum": 0.3768939393939394,
      "commit": 0.4024621212121212,
      "strict": 0.08806818181818182
    },
    "Entity": {
      "n": 555,
      "enum": 0.4972972972972973,
      "commit": 0.3153153153153153,
      "strict": 0.14414414414414414
    },
    "Event": {
      "n": 490,
      "enum": 0.23469387755102042,
      "commit": 0.5040816326530613,
      "strict": 0.024489795918367346
    },
    "TempBias": {
      "n": 338,
      "enum": 0.11834319526627218,
      "commit": 0.650887573964497,
      "strict": 0.0029585798816568047
    }
  },
  "Qwen3.6 base": {
    "All": {
      "n": 1056,
      "enum": 0.08428030303030302,
      "commit": 0.8380681818181818,
      "strict": 0.03598484848484849
    },
    "Entity": {
      "n": 555,
      "enum": 0.1009009009009009,
      "commit": 0.8144144144144144,
      "strict": 0.04504504504504504
    },
    "Event": {
      "n": 490,
      "enum": 0.06326530612244897,
      "commit": 0.8673469387755102,
      "strict": 0.026530612244897958
    },
    "TempBias": {
      "n": 338,
      "enum": 0.005917159763313609,
      "commit": 0.9349112426035503,
      "strict": 0.0
    }
  },
  "Qwen3-VL-32B base": {
    "All": {
      "n": 1056,
      "enum": 0.2708333333333333,
      "commit": 0.4403409090909091,
      "strict": 0.032196969696969696
    },
    "Entity": {
      "n": 555,
      "enum": 0.3261261261261261,
      "commit": 0.4810810810810811,
      "strict": 0.04864864864864865
    },
    "Event": {
      "n": 490,
      "enum": 0.20408163265306123,
      "commit": 0.39183673469387753,
      "strict": 0.012244897959183673
    },
    "TempBias": {
      "n": 338,
      "enum": 0.07988165680473373,
      "commit": 0.4349112426035503,
      "strict": 0.0029585798816568047
    }
  },
  "GPT-4o base": {
    "All": {
      "n": 1056,
      "enum": 0.0,
      "commit": 1.0,
      "strict": 0.0
    },
    "Entity": {
      "n": 555,
      "enum": 0.0,
      "commit": 1.0,
      "strict": 0.0
    },
    "Event": {
      "n": 490,
      "enum": 0.0,
      "commit": 1.0,
      "strict": 0.0
    },
    "TempBias": {
      "n": 338,
      "enum": 0.0,
      "commit": 1.0,
      "strict": 0.0
    }
  }
}