{
  "qwen35_base": {
    "label": "Qwen3.5-27B (base)",
    "by_kbin": {
      "2": {
        "n": 441,
        "enum": 0.15873015873015872,
        "strict": 0.09070294784580499,
        "cov": 0.48412698412698413
      },
      "3": {
        "n": 58,
        "enum": 0.034482758620689655,
        "strict": 0.017241379310344827,
        "cov": 0.24712643678160925
      },
      "4": {
        "n": 148,
        "enum": 0.13513513513513514,
        "strict": 0.02027027027027027,
        "cov": 0.20777027027027026
      },
      "5": {
        "n": 47,
        "enum": 0.1702127659574468,
        "strict": 0.02127659574468085,
        "cov": 0.2382978723404256
      },
      "6": {
        "n": 99,
        "enum": 0.08080808080808081,
        "strict": 0.0,
        "cov": 0.10269360269360268
      },
      "7": {
        "n": 19,
        "enum": 0.15789473684210525,
        "strict": 0.0,
        "cov": 0.020676691729323307
      },
      "9": {
        "n": 103,
        "enum": 0.2524271844660194,
        "strict": 0.019417475728155338,
        "cov": 0.12524271844660187
      },
      "13": {
        "n": 141,
        "enum": 0.36879432624113473,
        "strict": 0.0,
        "cov": 0.09216047939452193
      }
    }
  },
  "qwen35_v3": {
    "label": "Qwen3.5-27B v3",
    "by_kbin": {
      "2": {
        "n": 441,
        "enum": 0.9977324263038548,
        "strict": 0.41496598639455784,
        "cov": 0.7188208616780045
      },
      "3": {
        "n": 58,
        "enum": 0.9482758620689655,
        "strict": 0.08620689655172414,
        "cov": 0.5172413793103449
      },
      "4": {
        "n": 148,
        "enum": 1.0,
        "strict": 0.10810810810810811,
        "cov": 0.5016891891891891
      },
      "5": {
        "n": 47,
        "enum": 1.0,
        "strict": 0.0,
        "cov": 0.4595744680851062
      },
      "6": {
        "n": 99,
        "enum": 0.98989898989899,
        "strict": 0.050505050505050504,
        "cov": 0.28114478114478114
      },
      "7": {
        "n": 19,
        "enum": 1.0,
        "strict": 0.0,
        "cov": 0.44172932330827064
      },
      "9": {
        "n": 103,
        "enum": 0.9902912621359223,
        "strict": 0.019417475728155338,
        "cov": 0.270873786407767
      },
      "13": {
        "n": 141,
        "enum": 0.9929078014184397,
        "strict": 0.02127659574468085,
        "cov": 0.17684600663324068
      }
    }
  },
  "qwen35_v4_base": {
    "label": "Qwen3.5-27B v4-base",
    "by_kbin": {
      "2": {
        "n": 441,
        "enum": 0.36961451247165533,
        "strict": 0.14285714285714285,
        "cov": 0.4886621315192744
      },
      "3": {
        "n": 58,
        "enum": 0.22413793103448276,
        "strict": 0.034482758620689655,
        "cov": 0.2471264367816092
      },
      "4": {
        "n": 148,
        "enum": 0.4189189189189189,
        "strict": 0.0472972972972973,
        "cov": 0.30405405405405406
      },
      "5": {
        "n": 47,
        "enum": 0.6808510638297872,
        "strict": 0.0,
        "cov": 0.4
      },
      "6": {
        "n": 99,
        "enum": 0.12121212121212122,
        "strict": 0.0,
        "cov": 0.05387205387205385
      },
      "7": {
        "n": 19,
        "enum": 0.5263157894736842,
        "strict": 0.0,
        "cov": 0.15225563909774437
      },
      "9": {
        "n": 103,
        "enum": 0.4368932038834951,
        "strict": 0.038834951456310676,
        "cov": 0.21105717367853283
      },
      "13": {
        "n": 141,
        "enum": 0.2907801418439716,
        "strict": 0.0,
        "cov": 0.06371472302323367
      }
    }
  },
  "qwen35_v4": {
    "label": "Qwen3.5-27B v4",
    "by_kbin": {
      "2": {
        "n": 441,
        "enum": 0.46485260770975056,
        "strict": 0.18140589569160998,
        "cov": 0.6383219954648526
      },
      "3": {
        "n": 58,
        "enum": 0.2413793103448276,
        "strict": 0.05172413793103448,
        "cov": 0.2988505747126437
      },
      "4": {
        "n": 148,
        "enum": 0.4189189189189189,
        "strict": 0.060810810810810814,
        "cov": 0.3327702702702703
      },
      "5": {
        "n": 47,
        "enum": 0.46808510638297873,
        "strict": 0.0,
        "cov": 0.174468085106383
      },
      "6": {
        "n": 99,
        "enum": 0.050505050505050504,
        "strict": 0.0,
        "cov": 0.05218855218855218
      },
      "7": {
        "n": 19,
        "enum": 0.5263157894736842,
        "strict": 0.0,
        "cov": 0.20394736842105263
      },
      "9": {
        "n": 103,
        "enum": 0.3592233009708738,
        "strict": 0.009708737864077669,
        "cov": 0.14455231930960083
      },
      "13": {
        "n": 141,
        "enum": 0.3049645390070922,
        "strict": 0.0,
        "cov": 0.08033419496185452
      }
    }
  },
  "qwen36_base": {
    "label": "Qwen3.6-27B (base)",
    "by_kbin": {
      "2": {
        "n": 441,
        "enum": 0.1360544217687075,
        "strict": 0.07936507936507936,
        "cov": 0.43537414965986393
      },
      "3": {
        "n": 58,
        "enum": 0.034482758620689655,
        "strict": 0.017241379310344827,
        "cov": 0.12643678160919536
      },
      "4": {
        "n": 148,
        "enum": 0.07432432432432433,
        "strict": 0.006756756756756757,
        "cov": 0.14695945945945946
      },
      "5": {
        "n": 47,
        "enum": 0.0425531914893617,
        "strict": 0.02127659574468085,
        "cov": 0.24255319148936166
      },
      "6": {
        "n": 99,
        "enum": 0.010101010101010102,
        "strict": 0.0,
        "cov": 0.06565656565656568
      },
      "7": {
        "n": 19,
        "enum": 0.0,
        "strict": 0.0,
        "cov": 0.039473684210526314
      },
      "9": {
        "n": 103,
        "enum": 0.038834951456310676,
        "strict": 0.0,
        "cov": 0.09347357065803664
      },
      "13": {
        "n": 141,
        "enum": 0.06382978723404255,
        "strict": 0.0,
        "cov": 0.059087691268542325
      }
    }
  },
  "qwen36_v3": {
    "label": "Qwen3.6-27B v3",
    "by_kbin": {
      "2": {
        "n": 441,
        "enum": 0.9909297052154195,
        "strict": 0.4331065759637188,
        "cov": 0.735827664399093
      },
      "3": {
        "n": 58,
        "enum": 0.9827586206896551,
        "strict": 0.05172413793103448,
        "cov": 0.5632183908045978
      },
      "4": {
        "n": 148,
        "enum": 1.0,
        "strict": 0.10135135135135136,
        "cov": 0.5287162162162162
      },
      "5": {
        "n": 47,
        "enum": 0.9787234042553191,
        "strict": 0.0425531914893617,
        "cov": 0.4
      },
      "6": {
        "n": 99,
        "enum": 1.0,
        "strict": 0.09090909090909091,
        "cov": 0.38720538720538716
      },
      "7": {
        "n": 19,
        "enum": 1.0,
        "strict": 0.0,
        "cov": 0.48966165413533835
      },
      "9": {
        "n": 103,
        "enum": 0.9902912621359223,
        "strict": 0.009708737864077669,
        "cov": 0.28042071197411
      },
      "13": {
        "n": 141,
        "enum": 0.9929078014184397,
        "strict": 0.0070921985815602835,
        "cov": 0.15609385689172922
      }
    }
  },
  "base": {
    "label": "Qwen3-VL-32B (base)",
    "by_kbin": {
      "2": {
        "n": 441,
        "enum": 0.31746031746031744,
        "strict": 0.061224489795918366,
        "cov": 0.41723356009070295
      },
      "3": {
        "n": 58,
        "enum": 0.1896551724137931,
        "strict": 0.0,
        "cov": 0.19540229885057475
      },
      "4": {
        "n": 148,
        "enum": 0.2702702702702703,
        "strict": 0.02702702702702703,
        "cov": 0.2179054054054054
      },
      "5": {
        "n": 47,
        "enum": 0.3829787234042553,
        "strict": 0.0425531914893617,
        "cov": 0.30638297872340425
      },
      "6": {
        "n": 99,
        "enum": 0.08080808080808081,
        "strict": 0.0,